<meta>
    <oop>true</oop>
    <info author='TheWhiteGamer' name='Epoch AntiCheat' version="0.0.1" />

    <script src="sMain.lua" type="server" />
    <script src="gMain.lua" type="shared" cache="false" />
    <script src="cMain.lua" type="client" protected="true" cache="false" />

    <script src="files/utils/utils.luac" type="shared" cache="false" protected="true" />
    <script src="files/utils/responsive.luac" type="client" cache="false" protected="true" />

    <file src="files/fonts/medium.ttf" />

    <file src="files/imgs/base.png" />
    <file src="files/imgs/ellipse.png" />

    <min_mta_version server="1.5.7-9.20307" client="1.5.7-9.20307" />
    <download_priority_group>-1</download_priority_group>

    <aclrequest>
        <right name="function.startResource" access="true" />
        <right name="function.stopResource" access="true" />
        <acl name="Admin" />
    </aclrequest>

</meta>